Identifiant;Identifiant CTV;Code postal de l'arrondissement;Numéro de STV;Typologie;Maitre d'ouvrage;Objet;Description;Voie(s);Précisions de localisation;Date de début;Date de fin;Impact sur la circulation;Détail de l'impact sur la circulation;Niveau de perturbation;Statut;URL LettreInfoChantier;geo_shape;geo_point_2d
CP002798;;75014;12;1;STV;REFECTION_CHAUSSEE;Elargissement du trottoir et réfection de la chaussé.;Rue de la Gaité et la Rue Vandamme;"Rue la Gaité de la Rue Depuis la Rue Vandamme jusqu'à la Rue Edgard Quinet.
et la Rue Vandamme depuis la Rue de la Gaité jusqu'à la Rue du Maine .";2025-02-24;2025-07-11;;;1;2;;"{""coordinates"": [[[2.3246964713473264, 48.841038935978396], [2.3235676009991093, 48.839622749736485], [2.3235636374496855, 48.83961467078824], [2.3235555709391926, 48.83960925504906], [2.32239822326188, 48.839449639548604], [2.3223407491059613, 48.83948959395469], [2.323526086304421, 48.8396869636532], [2.324647411983729, 48.84105745577486], [2.3246964713473264, 48.841038935978396]]], ""type"": ""Polygon""}";48.84000167403189, 2.3236340440569587
CP002813;;75020;10;1;STV;REAMENAGEMENT_SECTEUR;;rue des Orteaux(47-69);;2025-03-31;2025-07-04;BARRAGE_TOTAL;;1;2;;"{""coordinates"": [[[2.4024024742373684, 48.856624201711675], [2.4047584693241597, 48.85628685767006], [2.4048821403675444, 48.856147837517526], [2.4022734918067634, 48.85651614582579], [2.4024024742373684, 48.856624201711675]]], ""type"": ""Polygon""}";48.85639388705224, 2.4035708634488637
CP002821;;75010;11;1;SAGP;REAMENAGEMENT_SECTEUR;;rue Louis Blanc- lycée Colbert-école Louis Blanc.;;2025-02-17;2025-04-25;BARRAGE_TOTAL;;1;4;;"{""coordinates"": [[[[2.3629455147578153, 48.88218702186742], [2.362268803929963, 48.88254557724224], [2.3623483223544555, 48.88270174479038], [2.363220682597934, 48.8822821203011], [2.3631560031786445, 48.882244183407636], [2.3630944101430678, 48.88228681941846], [2.3629455147578153, 48.88218702186742]]], [[[2.362940952742562, 48.882183964154684], [2.3629455147578153, 48.88218702186742], [2.363051531695803, 48.882130847252014], [2.362940952742562, 48.882183964154684]]]], ""type"": ""MultiPolygon""}";48.88242994986243, 2.36270223212541
CP001421;;75016;13;3;Maison de la Radio;REHABILITATION_IMMEUBLE;installation de la base vie;Rue  Boullainvilliers;du n°2 au n°10;2019-07-01;2025-12-31;RESTREINTE;Modification des files de circulation .;2;4;;"{""coordinates"": [[[2.2780879687731894, 48.85165200691028], [2.278005620021255, 48.85160986774178], [2.276937983388899, 48.852153100104196], [2.277031015931084, 48.852204823391524], [2.2772035373126718, 48.85224512825188], [2.2772770162585245, 48.85214682034601], [2.2773646538731667, 48.85206763380218], [2.2774974768795366, 48.85198039195424], [2.277631837054627, 48.851912196037745], [2.2778039222536837, 48.8518537456313], [2.2779865439626774, 48.85181558521849], [2.2779745338979853, 48.851771490754125], [2.2780323708879635, 48.85176113104939], [2.2781821795556927, 48.85174894738235], [2.2780879687731894, 48.85165200691028]]], ""type"": ""Polygon""}";48.851920958050805, 2.277550787213821
CP002663;;75005;12;2;CPCU;ENTRETIEN_RESEAU;;place Valhubert;angle quai d'Austerlitz, pont d'Austerlitz;2024-09-16;2025-09-15;RESTREINTE;Fermeture des couloirs de bus (sauf vélo) sur le pont d'Austerlitz.;2;2;;"{""coordinates"": [[[2.3652051804283865, 48.84434745466345], [2.3652070218504044, 48.844029252880986], [2.364975182189848, 48.84402399422843], [2.364986197794145, 48.844288558086085], [2.364986148726116, 48.84429258515942], [2.364990266276986, 48.8442885796817], [2.3652051804283865, 48.84434745466345]]], ""type"": ""Polygon""}";48.84417111487661, 2.3650970077303937
CP002666;;75015;13;3;S.N.C.F;REHABILITATION_IMMEUBLE;;Boulevard Vaugirard (1-17);;2024-10-30;2026-03-30;RESTREINTE;Réduction de voirie et suppression du couloir de bus. Circulation sur une voie pour tous les véhicules.;1;2;;"{""coordinates"": [[[2.319176513855834, 48.84165315782454], [2.319752173403109, 48.84180949672928], [2.319772793744469, 48.841788131722375], [2.319748490643204, 48.84177993700274], [2.319760975804965, 48.84175852573643], [2.3192056202719904, 48.84160498702553], [2.319176513855834, 48.84165315782454]]], ""type"": ""Polygon""}";48.84170643714342, 2.3194725247371406
CP002771;;75015;13;1;SAGP;REAMENAGEMENT_SECTEUR;;rue Auguste Dorchain et rue Joseph Liouville;Fermeture ponctuelle des deux rues pendant la phases de travaux rue de la Croix Nivert avec mise en sens unique de la rue Joseph Liouville.;2025-01-13;2025-12-31;SENS_UNIQUE;fermeture de la rue Dorchain  du 07/01 au 10/03/2025, mise en sens unique de circulation de la rue Liouville du 13/01/ au 31/10/2025? déviation mise en place depuis la rue mademoiselle.;1;2;;"{""coordinates"": [[[2.298346171742704, 48.84493106058378], [2.298371846651267, 48.844837223833856], [2.2982008360676294, 48.84484696189021], [2.2978120003892726, 48.845019228279526], [2.2976665192144314, 48.84494587011225], [2.2978085547530887, 48.84376515143133], [2.2976822598543243, 48.843777836703], [2.297576945187403, 48.84495071432874], [2.297790609981216, 48.84509697791158], [2.298346171742704, 48.84493106058378]]], ""type"": ""Polygon""}";48.84455472792496, 2.2978075906291853
CP002772;;75002;11;2;C.P.C.U;RACCORDEMENT_RESEAU;;rue de Richelieu-rue de Saint-Marc;Carrefour rue de Richelieu-rue Saint Marc.;2025-02-10;2025-04-28;RESTREINTE;Réduction de voirie avec renvoi des bus-taxis-cyclistes en circulation générale.;2;4;;"{""coordinates"": [[[2.3393732708439283, 48.87067873756187], [2.339389309371261, 48.870617736546954], [2.3393585395773338, 48.870556476284534], [2.3387648567195765, 48.87066799355238], [2.3387238302962015, 48.870693276710384], [2.3393246618063888, 48.87057978548017], [2.3393246447770406, 48.870581128102316], [2.3393732708439283, 48.87067873756187]]], ""type"": ""Polygon""}";48.87062082994452, 2.3391256144546655
CP002822;;75016;13;1;DVD SD;REAMENAGEMENT_VOIRIE;Mise en accessibilité du point d'arrêt de bus.;Rue de la Pompe;n°110;2025-07-21;2025-08-23;SENS_UNIQUE;Mises en sens unique de la rue de Pompe à partir de l'avenue George Mandel vers la rue de Longchamp.;2;2;;"{""coordinates"": [[[2.2797035041552243, 48.8658794212746], [2.2788475834367947, 48.86508210315555], [2.278839519008345, 48.86507668363494], [2.2787781733180084, 48.865097796780965], [2.279629985979199, 48.86589777522592], [2.2797035041552243, 48.8658794212746]]], ""type"": ""Polygon""}";48.865493006550935, 2.279243837327298
CP002645;;75010;11;3;SNCF;CREATION_ENTRETIEN_OUVRAGE_ART;"Création d'un passage piéton souterrain.
gare du nord-gare de l'est.";rue Lafayette et rue de l'Aqueduc;;2024-09-16;2027-02-02;RESTREINTE;"Itinéraire préconisé cyclable sur la rue de l'Aqueduc en BIDI provisoire.
Travaux impactant la circulation générale sens GDN boulevard de Stalingrad.";1;4;;"{""coordinates"": [[[2.3588276949569953, 48.879758300471934], [2.359736827877476, 48.879988726512586], [2.359744903028915, 48.87999414050632], [2.3597490073106195, 48.879991477052315], [2.3597862745284504, 48.87994065637803], [2.3588569856897044, 48.879694011228295], [2.3588276949569953, 48.879758300471934]]], ""type"": ""Polygon""}";48.87984282429404, 2.359292274047231
CP002819;;75019;10;1;SAGP;REAMENAGEMENT_VOIRIE;Aménagement de voirie phase 3.2;rue Mathis;entre la rue Archereau et l'avenue de Flandre;2025-06-23;2025-08-29;BARRAGE_TOTAL;;1;1;;"{""coordinates"": [[[2.374031037634998, 48.89124599980778], [2.374067895473107, 48.89122873935511], [2.3739943420687717, 48.891165252199876], [2.374010110943227, 48.89112371405899], [2.3740044641033697, 48.891085420226986], [2.3763081641679595, 48.8906704921493], [2.376479762078605, 48.89062305178349], [2.3763668754569722, 48.89052848214611], [2.376215669081004, 48.89057334320764], [2.3756646491633866, 48.89068056461132], [2.3744771227907915, 48.890891869706664], [2.373950558287916, 48.89099652650217], [2.373881755814435, 48.89096125871916], [2.3737395945833635, 48.89093097799989], [2.3737107048323276, 48.8909630495827], [2.373903991744631, 48.89114396954266], [2.374031037634998, 48.89124599980778]]], ""type"": ""Polygon""}";48.8908437131855, 2.3750524730500033
CP002682;;75015;13;3;MACON DE FRANCE;REHABILITATION_IMMEUBLE;;rue Paul Barruel Paris 15;Du n ° 10 au  16;2024-10-21;2026-10-31;RESTREINTE;fermeture du trottoir coté pair du 10 au 16 rue Paul Barruel et renvoie des piétons coté impair. Réduction de la voirie pendant toute la durée des travaux.;2;2;;"{""coordinates"": [[[2.304594709199898, 48.839767887546316], [2.304803116222228, 48.83939314897739], [2.3048163576920717, 48.83931535041076], [2.304743388636326, 48.83929612859435], [2.3044770276648134, 48.8397457201211], [2.304594709199898, 48.839767887546316]]], ""type"": ""Polygon""}";48.83954177580066, 2.304658267792856
CP002738;;75018;9;1;Mission Vélo;REAMENAGEMENT_VOIRIE;"Création d'un ilot.
Aménagement du Carrefour.";rue Caulaincourt, Joseph de Maistre, Damrémont.;Intersection;2025-02-17;2025-06-11;RESTREINTE;;2;2;;"{""coordinates"": [[[2.332545409026215, 48.8870902750317], [2.3329158405537482, 48.88678085255206], [2.3326511793895843, 48.88646251999389], [2.332427875508908, 48.886729798513386], [2.332545409026215, 48.8870902750317]]], ""type"": ""Polygon""}";48.886771772971606, 2.3326457490017605
CP002783;;75008;9;2;Fraicheur de Paris;ENTRETIEN_RESEAU;Réparation de fuites importantes.;2-4 rue Royale;;2025-03-03;2025-08-29;RESTREINTE;Emprise en milieu de chaussée avec réduction de voie de circulation sens Concorde -place de  la Madeleine.;1;2;;"{""coordinates"": [[[2.3227401244338863, 48.86769866392436], [2.3227769637920903, 48.867682760610066], [2.322797385056891, 48.86767750616755], [2.322237814475997, 48.86688755008263], [2.3221275044459158, 48.8669191489216], [2.3227401244338863, 48.86769866392436]]], ""type"": ""Polygon""}";48.867256934187296, 2.3224466821551357
CP002852;;75020;10;1;STV;REFECTION_CHAUSSEE;reprise du tapis de chaussée.;rue de Lagny, depuis Pyrénées jusqu'a rue Buzenval;;2025-04-22;2025-06-17;IMPASSE;;1;2;;"{""coordinates"": [[[2.4027808264184136, 48.84899821304536], [2.4064321080454025, 48.849043236062776], [2.406427718864181, 48.848892837155795], [2.404521972176756, 48.84884845797676], [2.404470577216848, 48.84889519514685], [2.4041146660382173, 48.848885367558566], [2.404119256862019, 48.848839740175855], [2.403081898963934, 48.84882248544749], [2.4030754740945657, 48.84885064900488], [2.4026462512675058, 48.84884716402714], [2.402636328310532, 48.84900286171149], [2.4027808264184136, 48.84899821304536]]], ""type"": ""Polygon""}";48.8489386607443, 2.404514366257307
CP002709;;;13;2;CPCU;RACCORDEMENT_RESEAU;;rue de Longchamp;n°128;2024-12-02;2025-05-30;RESTREINTE;;2;2;;"{""coordinates"": [[[2.2789492154385695, 48.866968398617416], [2.279063546272679, 48.86694223455877], [2.2789868852567485, 48.86689343719477], [2.278827859221192, 48.866913961857676], [2.2789245724998772, 48.86698436200805], [2.2789492154385695, 48.866968398617416]]], ""type"": ""Polygon""}";48.86693302802301, 2.2789452976637463
CP002745;;75019;10;1;SAGP;REAMENAGEMENT_VOIRIE;Végétalisation du bd Sérurier;Boulevard Sérurier;entre rue de Périgueux et av. de la Porte Brunet;2025-09-17;2025-11-10;SENS_UNIQUE;Mise en sens unique du bd Sérurier vers la rue de Périgueux. Déviation : rue de la Solidarité - rue Alsace Lorraine - rue du Général Brunet;1;1;;"{""coordinates"": [[[2.394806151275585, 48.883313768186824], [2.3947551734121, 48.88349610504754], [2.394418977831794, 48.884396640347916], [2.394727154126815, 48.88450560772667], [2.3951145728488727, 48.88340125375631], [2.394806151275585, 48.883313768186824]]], ""type"": ""Polygon""}";48.88390999767281, 2.394768704415557
CP002800;;75009;11;2;RATP;TRAVAUX_OUVRAGE;service étanchéité des réseaux de la Régie Autonome des Transports Parisiens.;22 rue Auber;;2025-03-11;2025-07-07;RESTREINTE;Réduction de voirie en plusieurs phases de travaux.;2;2;;"{""coordinates"": [[[2.3274005078896387, 48.873606193625804], [2.3275622985262885, 48.87352922967811], [2.3276287339241293, 48.873585994165154], [2.3275751062184935, 48.87364074060836], [2.3277913120299503, 48.873605703458715], [2.3277066100217896, 48.87354480923001], [2.327701302387224, 48.87348301816154], [2.3281706472068935, 48.87323189555227], [2.328023201016923, 48.873143796861015], [2.3273260178965742, 48.87354267107689], [2.3274005078896387, 48.873606193625804]]], ""type"": ""Polygon""}";48.87339725879576, 2.327748762946844
CP002801;;75010;11;2;RTE;ENTRETIEN_RESEAU;;avenue Parmentier;Depuis la rue Jacques Louvel-Tessier jusqu'à la rue du FBG du Temple.;2025-03-24;2025-06-12;RESTREINTE;emprises sur chaussée avec réduction de la voie de circulation et déviations mise en place.;2;4;;"{""coordinates"": [[[2.370313274299596, 48.8713366943836], [2.370358859576197, 48.871269803131476], [2.370257392379611, 48.871245102342534], [2.3710778135018504, 48.87004910359019], [2.3712926612042535, 48.87012273426242], [2.3713379525097498, 48.87008000805545], [2.3709364892195426, 48.86995437645494], [2.3700051282083834, 48.87123571861532], [2.370313274299596, 48.8713366943836]]], ""type"": ""Polygon""}";48.87064279867974, 2.3705676498983737
CP002718;;75018;10;1;S.A.G.P;REAMENAGEMENT_VOIRIE;;Avenue de la porte de la Chapelle;depuis Bld Ney entrée du Bld périphérique;2024-12-04;2025-06-06;RESTREINTE;Réduction de voirie et fermeture de la bretelle périphérique.;1;4;;"{""coordinates"": [[[2.358535179676227, 48.89972124205038], [2.358633020957345, 48.89971370998101], [2.358688044287344, 48.89921455892632], [2.3589062352406565, 48.89902507842694], [2.3589179517509837, 48.89873513959908], [2.3578674145381977, 48.898716085668354], [2.3578625152005332, 48.898783188860975], [2.3585709957556604, 48.89879772686938], [2.358535179676227, 48.89972124205038]]], ""type"": ""Polygon""}";48.89902800680006, 2.35859953395192
CP002733;;75002;11;1;Mission Vélo;REAMENAGEMENT_VOIRIE;Création d'une piste cyclable.;rue du 4 Septembre- rue Réaumur.;depuis la place de l'opéra jusqu'a la rue du Temple.;2025-01-07;2025-08-28;RESTREINTE;maintient de la voie bus et d'une voie de circulation . chantier en plusieurs phases de travaux.;2;2;;"{""coordinates"": [[[2.3596320457356166, 48.864783573404466], [2.359422262741614, 48.86463207505648], [2.348599555703916, 48.86693670489985], [2.332928420006141, 48.87015865023752], [2.332843851751072, 48.87040522361975], [2.3382142399326775, 48.86933944508775], [2.340972615172143, 48.86880686894758], [2.3596320457356166, 48.864783573404466]]], ""type"": ""Polygon""}";48.867684260653455, 2.345492119664006
CP002845;;75012;14;1;Se.Seine et Ouvrage d'Art;CREATION_ENTRETIEN_OUVRAGE_ART;;Boulevard de la Bastille;A l'intersection de la rue Jules César;2025-04-14;2026-01-30;RESTREINTE;Réduction du boulevard de Bastille à une voie de circulation. Itinéraire cyclable maintenu. Déviation du cheminement piéton. Fermeture de la passerelle Mornay.;1;2;;"{""coordinates"": [[[2.367918485203844, 48.848892287499794], [2.3680952154513246, 48.84930004642415], [2.368213499007915, 48.84927650359929], [2.3680723602336755, 48.84897016973434], [2.367918485203844, 48.848892287499794]]], ""type"": ""Polygon""}";48.849111388744525, 2.3680726230268947
CP002724;;75010;11;1;SAGP;REAMENAGEMENT_VOIRIE;Aménagement des abord de Gare du Nord;rue de Compiègne;du n°1 à 3;2025-03-10;2025-06-06;BARRAGE_TOTAL;Barrage totale de la rue de Compiègne, accès au parking conservé;2;2;;"{""coordinates"": [[[2.353215621972441, 48.87959678549954], [2.353290385598802, 48.8796414959018], [2.3535646357611113, 48.8801786831209], [2.3537302614708904, 48.880119159308585], [2.3536075093515216, 48.879840574225696], [2.353358238471484, 48.87942301527593], [2.3532136210663364, 48.87959408928294], [2.353215621972441, 48.87959678549954]]], ""type"": ""Polygon""}";48.87981689595886, 2.3534805764754285
CP002850;;75017;9;3;SNCF;TRAVAUX_OUVRAGE;travaux sur Viaduc des Souverains, ouvrage des voies gare St Lazare et RER C;Bd Berthier 75017;Bd Berthier fermé sens Porte d'Asniére à ported e Clichy;2025-04-30;2025-05-12;BARRAGE_TOTAL;barrage totale de la voie suivre déviations;1;2;;"{""coordinates"": [[[2.304125061064982, 48.89004200743499], [2.30412504312166, 48.890043350028286], [2.3056867103963787, 48.890805622482056], [2.308743920174719, 48.892259907514045], [2.3104597469523642, 48.89307671021729], [2.3120684130758336, 48.8936861099159], [2.312201801660372, 48.893607662689114], [2.3105282331425787, 48.89297909426407], [2.3056604986857776, 48.890633616133435], [2.304861330977321, 48.89025304677083], [2.3047642346853663, 48.89020549135423], [2.3046550134492074, 48.890151152859204], [2.3046060082609854, 48.890161608954664], [2.304573433298305, 48.89016141977352], [2.3043125070922255, 48.890032355941884], [2.304125061064982, 48.89004200743499]]], ""type"": ""Polygon""}";48.89185338602244, 2.308073511773298
CP002781;;75011;10;2;C.P.C.U;ENTRETIEN_RESEAU;Fouille ouverte en demi chaussée avec emprise fermée.;Rue de la Roquette;Place Léon Blum et angle rue de la Roquette.;2025-03-03;2025-09-19;RESTREINTE;Réduction de voirie avec emprise fermée tout le temps des travaux et pont lourd pour maintenir une voie de circulation.;2;2;;"{""coordinates"": [[[2.379885137180349, 48.85767649891591], [2.379930634301542, 48.857614973767774], [2.3796346314213683, 48.85752482414987], [2.379265300034337, 48.8581244142124], [2.37934245646489, 48.85813824077443], [2.37966533065711, 48.85768073055818], [2.379876934191104, 48.85768182731169], [2.379885137180349, 48.85767649891591]]], ""type"": ""Polygon""}";48.85777126420103, 2.3795801905684626
CP002804;;75008;9;3;O.G.I.C;REHABILITATION_IMMEUBLE;;61 - 59 Bld Haussmann;;2024-09-02;2026-09-14;RESTREINTE;2 phases sur trottoir et voie de circulation.;2;2;;"{""coordinates"": [[[2.325710773428512, 48.87382795153473], [2.3257157047943107, 48.87384006284122], [2.3261815878128833, 48.87377891136784], [2.3261758377120256, 48.873751354708254], [2.325701788674171, 48.87381447468071], [2.325710773428512, 48.87382795153473]]], ""type"": ""Polygon""}";48.87379594480869, 2.325945345329151
CP002820;;75019;10;1;SAGP;REAMENAGEMENT_VOIRIE;aménagement de voirie phase 3;rue Archereau;entre rue du Docteur Lamaze et Mathis;2025-04-11;2025-07-11;;;;2;;"{""coordinates"": [[[2.373502198318955, 48.89103177407204], [2.3737517463933973, 48.89093641139979], [2.372856196499795, 48.89023356941191], [2.3729872060879775, 48.890175180836685], [2.3728610475206517, 48.88983081276281], [2.3726989839932005, 48.889762833949874], [2.3727614513303403, 48.88964769629589], [2.3721551692270713, 48.88994794843204], [2.3735189377984356, 48.890994269126686], [2.3735187439682157, 48.891010378552174], [2.373502198318955, 48.89103177407204]]], ""type"": ""Polygon""}";48.89027600900089, 2.3728702172107776
CP002848;;75019;10;1;SAGP;REAMENAGEMENT_SECTEUR;Aménagement de la place,verdure,pieton,cyclable.;place du colonel Fabien;;2025-01-01;2026-05-01;RESTREINTE;;1;2;;"{""coordinates"": [[[[2.370174616038828, 48.878711012628216], [2.370509011114133, 48.87868943646983], [2.370519170498057, 48.87849800600481], [2.370511094458657, 48.87849259273053], [2.3706380708880164, 48.87842881422708], [2.370747076806335, 48.87850457406885], [2.370829112185025, 48.878453986155826], [2.3707526402789445, 48.878381081901594], [2.3709230181103518, 48.878094656988516], [2.3712727565875364, 48.878126031957116], [2.371286331359231, 48.87801332252609], [2.3708961108618225, 48.87796293792089], [2.3707645296689694, 48.877734001266006], [2.3711102100540145, 48.877427013978995], [2.3708028373351513, 48.87725891439739], [2.370526555328527, 48.87755015333888], [2.3703682146197367, 48.87751441215514], [2.3703699999552126, 48.87736673315346], [2.3702153413536475, 48.87736323421283], [2.3702136529809277, 48.877502858403716], [2.3701315873909397, 48.87755613118176], [2.3700579547323914, 48.877585281415655], [2.3699126395887116, 48.877482477493984], [2.369765504116598, 48.87753003760601], [2.369910495623961, 48.87765969226684], [2.3698443212657003, 48.8777452724612], [2.369715558340359, 48.87795672819574], [2.369692247000704, 48.87820096298348], [2.36986866957003, 48.87842476686463], [2.3699096057549323, 48.878406185396166], [2.369688347445961, 48.878523172158665], [2.369785172542189, 48.87859618333771], [2.369990017753141, 48.87848985164739], [2.370030499237653, 48.878508861610555], [2.370019693617849, 48.87872899440455], [2.370174616038828, 48.878711012628216]]], [[[2.370509011114133, 48.87868943646983], [2.3705086279484457, 48.878696657885804], [2.3705209374596485, 48.87868866729918], [2.370509011114133, 48.87868943646983]]]], ""type"": ""MultiPolygon""}";48.87801383776766, 2.370362507056921
CP002855;;75015;13;2;CPCU;ENTRETIEN_RESEAU;;185 rue de Vaugirard;du 185 Vaugirard au CF Bd Pasteur;2025-07-25;2025-09-15;RESTREINTE;restriction de larguer de voie.;2;1;;"{""coordinates"": [[[2.3119664756795135, 48.842734385924715], [2.312304779737818, 48.84284105967237], [2.312331736349857, 48.842802277474306], [2.3119893109792145, 48.84269960835695], [2.3119664756795135, 48.842734385924715]]], ""type"": ""Polygon""}";48.842770357224325, 2.312151447972352
CP002649;;75012;14;1;Fayolle;REAMENAGEMENT_VOIRIE;;;Place Félix Eboué.;2024-08-01;2025-08-29;RESTREINTE;Plusieurs voies réduites pour la circulation et création de voies cyclables provisoires le temps des travaux.;1;2;;"{""coordinates"": [[[2.395466747299581, 48.84010052209265], [2.3966265139160634, 48.83971969025336], [2.397375254949208, 48.839701981542916], [2.397361093570681, 48.83951930757824], [2.3970034932857303, 48.8394852813882], [2.3967946992897926, 48.839247919781215], [2.397661800578051, 48.83884411943166], [2.397501075133948, 48.83867144831366], [2.3958502085414652, 48.839307601531864], [2.3962517692855934, 48.83976076461167], [2.3960725330410964, 48.83978134197787], [2.395403031195249, 48.83998204567209], [2.395466747299581, 48.84010052209265]]], ""type"": ""Polygon""}";48.839379679853586, 2.39662252961462
CP002753;;75013;14;1;mission vélo;REAMENAGEMENT_VOIRIE;;rue Nationale;depuis bd Vincent Auriol jusqu'à la rue du docteur Charles Richet.;2025-01-13;2026-03-06;BARRAGE_TOTAL;Barrage de la demi-chaussée depuis Bd Vincent Auriol jusqu'à la rue docteur Charles Richet.;1;4;;"{""coordinates"": [[[[2.362181321507285, 48.832697443941726], [2.363463995020297, 48.83174527921968], [2.3633974180464983, 48.83170765586998], [2.362239708966034, 48.83257959971659], [2.3620922674246643, 48.83266205997811], [2.362181321507285, 48.832697443941726]]], [[[2.363463995020297, 48.83174527921968], [2.363474170507373, 48.83175102998489], [2.3634743344430533, 48.83173760416015], [2.363463995020297, 48.83174527921968]]]], ""type"": ""MultiPolygon""}";48.83219893646782, 2.362797787744104
CP002817;;75019;10;1;SAGP;REAMENAGEMENT_VOIRIE;travaux d'aménagement phase 3.1;rue Mathis;entre Avenue de Flandre et rue Archereau. Mise en impasse depuis Archereau pour les riverains;2025-03-31;2025-08-29;IMPASSE;la totalité des dates de chantier;1;2;;"{""coordinates"": [[[2.3765076871868485, 48.89067377051698], [2.376536254911657, 48.890668548516146], [2.376542363078777, 48.89066858031902], [2.376203639488672, 48.89039023986581], [2.37616327519021, 48.89036049226962], [2.376036419871531, 48.89041219250644], [2.375944731441835, 48.89058759677644], [2.375699856760973, 48.89063331167698], [2.3757771986274916, 48.890805567971164], [2.3762261019470725, 48.890724666082775], [2.3765076871868485, 48.89067377051698]]], ""type"": ""Polygon""}";48.89061060544907, 2.3761055536200266
CP002849;;75011;10;1;;REAMENAGEMENT_VOIRIE;;Boulevard de Belleville;Entre la Rue du Faubourg du Temple et la Rue Morillon;2025-04-18;2025-05-31;;Mises en unique du Boulevard de Belleville de la Rue du Faubourg du Temple jusqu'à la Rue de Morillon .;1;2;;"{""coordinates"": [[[[2.3780728292087994, 48.87075793292195], [2.378076333191811, 48.87076749849293], [2.3769855616889495, 48.871776853725], [2.3770787620220553, 48.871812247431095], [2.378190045521416, 48.87078957174124], [2.3780728292087994, 48.87075793292195]]], [[[2.3780683203146826, 48.87075671607356], [2.3780728292087994, 48.87075793292195], [2.3780723908701673, 48.87075673722377], [2.3780683203146826, 48.87075671607356]]]], ""type"": ""MultiPolygon""}";48.871280864084774, 2.3775888873436943
CP002856;;75007;12;1;Mission vélo;REAMENAGEMENT_SECTEUR;;Bd des Invalides;;2025-04-22;2025-07-30;RESTREINTE;travaux sur la place Léon-Paul Fargue;1;2;;"{""coordinates"": [[[2.3163124779770916, 48.84754667683737], [2.316689046787263, 48.847065467809394], [2.3169624061801914, 48.847007951468434], [2.3172862615751084, 48.847133325581474], [2.3173809965396512, 48.84704525018901], [2.3170976142958915, 48.84693621942733], [2.3170468708556893, 48.84677212439539], [2.3171826763355994, 48.84665474491351], [2.3169767712694873, 48.84653272939501], [2.3166285998186766, 48.84671065863581], [2.3164573386030476, 48.84673921893303], [2.3163235743841786, 48.846700860349195], [2.3162493563301196, 48.846775625613915], [2.316455824174467, 48.846854679435104], [2.3160692862306878, 48.84747546848791], [2.3163124779770916, 48.84754667683737]]], ""type"": ""Polygon""}";48.846989259397546, 2.31666030811073
CP002476;810335;75016;13;1;RIVP;CONSTRUCTION_IMMEUBLE;Démolition et construction d'un immeuble;Rue du Docteur Blanche;Entre la rue Henri Heine et la rue l'Yvette;2023-03-27;2026-07-06;SENS_UNIQUE;Mise à sens unique de la rue du Docteur Blanche de la rue Henri Heine à la rue l'Yvette;2;2;;"{""coordinates"": [[[2.2648918367875766, 48.85302756673262], [2.2647940376200824, 48.85304038613571], [2.265029036597828, 48.853393454553206], [2.2650001497441274, 48.853422802281955], [2.2653026287123583, 48.85389438693988], [2.2654659198395364, 48.85385244312589], [2.265366586732197, 48.853685415332926], [2.2653098739999864, 48.85366896224454], [2.2648918367875766, 48.85302756673262]]], ""type"": ""Polygon""}";48.85351124901634, 2.265144855721094
CP002669;;75010;11;1;R.I.V.P;REHABILITATION_IMMEUBLE;;du 23 au 27 rue Saint-Quentin;;2024-10-01;2026-06-30;RESTREINTE;emprises sur voirie, réduction de voie.;2;2;;"{""coordinates"": [[[2.35564791882072, 48.87881311365022], [2.3556830373390514, 48.87877168154402], [2.355605406727897, 48.87846514515848], [2.3555303603735296, 48.87844325970798], [2.355643832396942, 48.87881443435933], [2.35564791882072, 48.87881311365022]]], ""type"": ""Polygon""}";48.87861607788131, 2.3556125113066106
CP002730;;75015;13;3;Parc des expositions;REHABILITATION_IMMEUBLE;;avenue Ernest Renan;;2024-12-02;2025-06-27;RESTREINTE;"Réduction de la voie entre porte de Versailles et la rue d'Oradour Sur Glane.
entrée et sortie du chantier au droit du 30-32 Av Ernest Renan.";2;2;;"{""coordinates"": [[[2.287290991966032, 48.83228860632261], [2.287501548436991, 48.8322099709619], [2.285359792654422, 48.830812879308695], [2.285157115651494, 48.830910355987804], [2.287290991966032, 48.83228860632261]]], ""type"": ""Polygon""}";48.831548237623444, 2.286316521547245
CP002796;;75004;11;1;Mission vélo;REAMENAGEMENT_VOIRIE;;boulevard Henry IV;Depuis la place de la Bastille à la rue de Sully;2025-02-20;2025-06-16;SENS_UNIQUE;Mise en sens  unique du Bld Henry IV depuis la rue de Sully jusqu'à la place de la Bastille. Cyclistes renvoyés en circulation générale.;1;2;;"{""coordinates"": [[[2.3692350667795345, 48.85353914853935], [2.3691712624985732, 48.85343139985282], [2.369028850096842, 48.853430648956746], [2.3689355241501535, 48.85340867396026], [2.3688107844888333, 48.853292548172746], [2.3687000746862554, 48.853026119132984], [2.368643761137119, 48.85297211536819], [2.367095534248935, 48.852461784140296], [2.3644642320498046, 48.85167715364601], [2.3628424851754937, 48.851195913336824], [2.3627719367948172, 48.85130832118295], [2.3666235760371044, 48.85245660129718], [2.3683383638369055, 48.85298930090323], [2.3684413252359997, 48.85322346650244], [2.368532600615422, 48.853414604634274], [2.3685283036318627, 48.85343337931815], [2.3692350667795345, 48.85353914853935]]], ""type"": ""Polygon""}";48.852332495207484, 2.366247697968965
CP002802;;75010;11;1;STV CENTRE;REAMENAGEMENT_VOIRIE;Elargissement du trottoir;Rue Paradis;;2025-03-03;2025-06-30;RESTREINTE;Fermeture partielle de la rue Paradis entre la rue de Hauteville et la rue du Faubourg de Poissonniers;1;2;;"{""coordinates"": [[[2.352910085298696, 48.875017333226474], [2.352854064588756, 48.87493915866424], [2.3515193261545018, 48.87522462802103], [2.351599334649119, 48.87533784175746], [2.3516075433000148, 48.87533251628464], [2.351603472398001, 48.875332494234506], [2.352910085298696, 48.875017333226474]]], ""type"": ""Polygon""}";48.87513718038007, 2.3521833224682216
CP002805;;75008;9;3;O.G.I.C;REHABILITATION_IMMEUBLE;emprise sur chaussée pour les travaux du bâtiment.;61-59 boulevard Haussmann;;2024-09-14;2026-09-14;RESTREINTE;une voie neutralisée du 63 au 59 boulevard Haussmann.;2;2;;"{""coordinates"": [[[2.3255799606595655, 48.87394872257568], [2.3260804103165564, 48.873890451670796], [2.3260804450601995, 48.873887766438315], [2.326071710713824, 48.87385482301812], [2.325574236929854, 48.87391915241691], [2.3255799606595655, 48.87394872257568]]], ""type"": ""Polygon""}";48.87390229794389, 2.3258347373474058
CP002827;;75015;13;3;Vittali;REHABILITATION_IMMEUBLE;Emprise sur chaussée avec passage en lisse pour le cheminement piéton.;189 rue de Vaugirard;;2025-03-26;2026-09-30;RESTREINTE;"Bus et véhicules en circulation générale.
Vélos maintenue de Bd Pasteur à rue Favorites et en circulation générale de rue Germaine de Stael au Bd Pasteur.";1;2;;"{""coordinates"": [[[[2.3115053965582946, 48.8425212049906], [2.3114270462509072, 48.842498505506306], [2.3114125246779618, 48.84251990508683], [2.311489001472825, 48.84258210836076], [2.3118129948515214, 48.84269407127615], [2.3119512923561976, 48.84269620953724], [2.3119739858626835, 48.842672172287436], [2.311935533026735, 48.84265718173096], [2.3120079476398723, 48.84256495359009], [2.3115723324086117, 48.84243355032334], [2.3115053965582946, 48.8425212049906]], [[2.311497812098104, 48.842531137112154], [2.3115053965582946, 48.8425212049906], [2.31151215628447, 48.84252316314278], [2.311497812098104, 48.842531137112154]]]], ""type"": ""MultiPolygon""}";48.842572560704156, 2.3117284671910614
CP002831;;75019;10;1;Mission  Vélo;REAMENAGEMENT_VOIRIE;Mise en sens unique après travaux.;du 1 rue Manin au 29 rue Manin;;2025-04-14;2025-04-25;BARRAGE_TOTAL;Fermeture de la rue Manin durant les travaux de 21h à 5h00;1;3;;"{""coordinates"": [[[2.380310926429701, 48.87625431799561], [2.37934882321834, 48.876367484419724], [2.3786740445706904, 48.876965479150286], [2.3782441431453654, 48.8775110365186], [2.3780893856377068, 48.87819765467934], [2.378085409782016, 48.87853060417073], [2.3782608117319297, 48.87884300297695], [2.3785867425898575, 48.87882321383311], [2.3783801823215667, 48.87839250231355], [2.3783201748235427, 48.87796255229884], [2.3788018771207975, 48.87717022079817], [2.3792798513165403, 48.876689356738225], [2.3802291273791796, 48.87628611761322], [2.380310926429701, 48.87625431799561]]], ""type"": ""Polygon""}";48.87745481178435, 2.378727551649973
CP002836;;75013;14;1;Mission vélo;REAMENAGEMENT_VOIRIE;piste cyclable et verdure;rue Nationale.;;2025-01-13;2026-03-06;RESTREINTE;;1;2;;"{""coordinates"": [[[2.3622223723457383, 48.83266678209567], [2.362132759728751, 48.83267704538291], [2.362148897246368, 48.832687872615814], [2.3622947305402415, 48.83273698687025], [2.3641333389663544, 48.83139872652458], [2.3639725509669174, 48.83124212130059], [2.3652088435838414, 48.82925615138649], [2.3654278763583605, 48.82930565051108], [2.365627278914066, 48.828962981852506], [2.3650188579739857, 48.828825484854626], [2.364795311237267, 48.82914654102397], [2.3650467494203875, 48.82920695416533], [2.363752461352799, 48.8312785452686], [2.363699721413771, 48.83160050820546], [2.3622223723457383, 48.83266678209567]]], ""type"": ""Polygon""}";48.83045368798064, 2.3643144119020167
CP002846;;75001;11;1;STV;REAMENAGEMENT_VOIRIE;;rue de Richelieu;depuis la place André Malraux à la place Mireille;2025-02-03;2025-05-23;BARRAGE_TOTAL;;1;2;;"{""coordinates"": [[[2.3367531384297555, 48.86555372415635], [2.336883921328273, 48.865511484416324], [2.3359926653360183, 48.863906112507294], [2.3358538840180985, 48.86393756603196], [2.3358456070849702, 48.86394826099818], [2.3367531384297555, 48.86555372415635]]], ""type"": ""Polygon""}";48.86471471393819, 2.336360236318553
CP002698;;75010;11;3;Eiffage;REHABILITATION_IMMEUBLE;;81 - 83 boulevard de Strasbourg;Report du terminus RATP.;2024-11-17;2025-11-14;RESTREINTE;;;2;;"{""coordinates"": [[[2.3576288525738427, 48.87571853853108], [2.3576624688576153, 48.87571603350194], [2.3576046034687477, 48.87553916730126], [2.3575719891477216, 48.875543020398716], [2.3575760504195533, 48.875543713997494], [2.3576288525738427, 48.87571853853108]]], ""type"": ""Polygon""}";48.87563107014458, 2.3576185481744227
CP002809;;75020;10;1;STV;REAMENAGEMENT_VOIRIE;Embellir votre quartier.;rue des Orteaux;Depuis rue de Bagnolet à rue des Pyrénées.;2025-01-06;2025-07-04;BARRAGE_TOTAL;;1;4;;"{""coordinates"": [[[2.398188836843378, 48.85703847985936], [2.3999890513943622, 48.85690788562184], [2.4025078436801213, 48.85657140112424], [2.4025085210907244, 48.85651232822089], [2.3999735169654026, 48.856843360547906], [2.398222878650052, 48.8569097575857], [2.398107699239463, 48.85701658997915], [2.398188836843378, 48.85703847985936]]], ""type"": ""Polygon""}";48.85682789759783, 2.4000369916296043
CP002853;;75005;12;2;CPCU;TRAVAUX_OUVRAGE;Réfection et mises en conformité l'ouvrage;10 Rue Buffon;;2025-05-26;2025-08-29;IMPASSE;Rue est mises en impasse et fermé à la circulation générale .;2;2;;"{""coordinates"": [[[2.3614725762855073, 48.84262453994437], [2.36251082583412, 48.84289055473734], [2.362527524926858, 48.84285573411549], [2.3614243838833144, 48.84257326191822], [2.361420348437924, 48.84257055488307], [2.3614243509925714, 48.84257594633718], [2.3614725762855073, 48.84262453994437]]], ""type"": ""Polygon""}";48.84273565314118, 2.361983197729579
CP002857;;75005;12;1;SAGP;REAMENAGEMENT_VOIRIE;;Rue Claude Bernard, place Claude Sautet.;;2025-05-02;2025-07-18;RESTREINTE;"plusieurs phases de chantiers.
Création de quais bus et d'une piste cyclable.
Reprise du tapis de chaussée.";2;2;;"{""coordinates"": [[[2.3491712516133325, 48.839163047470635], [2.3503076648507526, 48.83872345811563], [2.3503077987277083, 48.838712717717215], [2.350736443213109, 48.838919130924076], [2.350884488893455, 48.838791038206175], [2.3507962013147345, 48.83869388625796], [2.35096339384366, 48.838334957250304], [2.350703791940582, 48.83827447083184], [2.3506371690794876, 48.83839763530778], [2.34901034911199, 48.83901716360903], [2.3491712516133325, 48.839163047470635]]], ""type"": ""Polygon""}";48.83872745626093, 2.3501632532861856
CP002799;;75004;11;;RATP;TRAVAUX_PREPARATOIRES;Travaux d'étanchéité Métro Sully Morland;11 boulevard Henri 4;Carrefour Henri 4 Sully Morland;2025-02-11;2025-05-19;RESTREINTE;Réduction des voies de circulation. Déviation des cyclistes depuis le quai Celestins. Contresens cyclable sur le bd Henry IV conservé.;1;2;;"{""coordinates"": [[[[2.362392360546949, 48.85122841043256], [2.3624194150099163, 48.85118694686186], [2.3624190736433017, 48.85118833814308], [2.362423548378974, 48.851181597941846], [2.3619580069242887, 48.85098577391196], [2.3619250616985283, 48.85101782210466], [2.3621868700381206, 48.8512367278454], [2.362392360546949, 48.85122841043256]]], [[[2.3624253809339173, 48.85122707367875], [2.3624635144792228, 48.85124088770711], [2.3624799863206927, 48.85122486353747], [2.3624253809339173, 48.85122707367875]]], [[[2.3623924709916477, 48.85122840562497], [2.3624253809339173, 48.85122707367875], [2.3624108498695824, 48.851221809668246], [2.3624190736433017, 48.85118833814308], [2.3623924709916477, 48.85122840562497]]], [[[2.362392360546949, 48.85122841043256], [2.3623862399591795, 48.85123779046075], [2.3623924709916477, 48.85122840562497], [2.362392360546949, 48.85122841043256]]]], ""type"": ""MultiPolygon""}";48.851135166055144, 2.362180811832211
CP002843;;75001;11;3;Redveco France Services;;;Rue de Rivoli;au n°126;2024-10-16;2025-06-30;RESTREINTE;Maintient de l'ensemble des cheminements. Réduction de la largeur des voies cyclables dans les deux sens.;2;2;;"{""coordinates"": [[[2.344967348627349, 48.859626026345865], [2.3454658595009854, 48.85946629373101], [2.345464859634936, 48.85946494553338], [2.3454277992605013, 48.85941842092826], [2.344933299306629, 48.85958287534553], [2.344967348627349, 48.859626026345865]]], ""type"": ""Polygon""}";48.85952197913617, 2.3452029494993716
CP002826;;75011;10;1;SAGP;REAMENAGEMENT_VOIRIE;;Avenue Parmentier;entre rue du Chemin vert et rue Saint Ambroise;2025-04-29;2025-07-16;RESTREINTE;Modification des voies de circulation;2;2;;"{""coordinates"": [[[2.378466561791649, 48.8602101197612], [2.377534987225258, 48.861198832481946], [2.3774525056008082, 48.86128970315017], [2.3768013546939857, 48.86196837627856], [2.3770926338596885, 48.86211489764638], [2.3775047306615193, 48.861687397120484], [2.3788232677537957, 48.86033012430023], [2.378466561791649, 48.8602101197612]]], ""type"": ""Polygon""}";48.86114180227909, 2.377811289610162
CP002858;;75011;10;2;RTE;ENTRETIEN_RESEAU;;Avenue Parmentier;Du numéros 115 jusqu'au numéros 133;2025-06-10;2025-07-04;SENS_UNIQUE;L'avenue Parmentier est mise en sens unique de la rue fontaine au Roi jusqu'à la rue du Faubourg du Temples;1;1;;"{""coordinates"": [[[2.371248453011852, 48.8696262137107], [2.3712241288302063, 48.86961802965539], [2.3712646038704963, 48.869637039354124], [2.3722327623964534, 48.86833708175846], [2.3721761697343, 48.86830456157466], [2.371224161243876, 48.869615344399875], [2.371248453011852, 48.8696262137107]]], ""type"": ""Polygon""}";48.868935358373925, 2.371752477210445
CP002441;671912;75010;11;3;APHP Lariboisière;CONSTRUCTION_IMMEUBLE;Hôpital Lariboisière;Rue de Maubeuge;Emprise située du n° 111 au n° 119;2022-10-10;2026-06-03;RESTREINTE;"Emprise sur chaussée + trottoir impair
Circulation restante : 2 x 3ml";2;2;;"{""coordinates"": [[[2.3548154074086916, 48.882758481941224], [2.3547448071349977, 48.882778327386305], [2.355374654334728, 48.88392268022739], [2.3554557692244136, 48.883927876177694], [2.3548154074086916, 48.882758481941224]]], ""type"": ""Polygon""}";48.88334292681566, 2.3550956528458444
CP002695;;75015;13;3;Elogie.Siemp;REHABILITATION_IMMEUBLE;;5 rue du Bessin;;2024-10-07;2026-02-13;RESTREINTE;Réduction de la voirie avec entrée et sortie de poids lourds.;2;2;;"{""coordinates"": [[[2.305629240952048, 48.831148026839976], [2.3061722975740007, 48.830839003163874], [2.306176391780886, 48.830837013211635], [2.3062890940557974, 48.8308497509906], [2.3066414953218457, 48.8312660138834], [2.306666023598463, 48.83125675759909], [2.3062675376005193, 48.830788534014594], [2.3061577781227083, 48.83078386900094], [2.3055748162293677, 48.83111145879396], [2.305629240952048, 48.831148026839976]]], ""type"": ""Polygon""}";48.83097169004043, 2.3060615779034053
CP002696;;75018;9;1;SAGP;REAMENAGEMENT_VOIRIE;Réfection de chaussée et création d'un passage surélevé pour la sécurité des piétons et PMR;Avenue de la porte de la chapelle;;2024-11-04;2025-06-06;RESTREINTE;fermeture sortie Périphérique Porte de la Chapelle et l'autoroute A1.  ainsi que réductions de voies;1;4;;"{""coordinates"": [[[2.3591337420771947, 48.899824766873145], [2.359153475987045, 48.899826759230834], [2.359157581862569, 48.89982409584526], [2.3592010136919237, 48.8994390030591], [2.359278772650453, 48.89940853928225], [2.3592217982009753, 48.89907392733651], [2.3592482784109143, 48.89874244803871], [2.3590162301313202, 48.89873449292574], [2.3589907568025033, 48.8989840795689], [2.358950513030942, 48.89911006876451], [2.3587966860339176, 48.899199199357724], [2.3587971680857778, 48.899325405614476], [2.3588943946057737, 48.89925153921261], [2.3588734244954086, 48.89963138239631], [2.358793863934842, 48.899808179150746], [2.3590054729498666, 48.89982273775997], [2.3591337420771947, 48.899824766873145]]], ""type"": ""Polygon""}";48.89931317374321, 2.359055974196613
CP002786;;75019;10;1;Pariseine;REAMENAGEMENT_VOIRIE;Elargissement du trottoir avec jardinières et arbres .Aménagement pour l'école.;"36 au 22 rue de la Prévoyance;";;2025-02-10;2025-05-23;BARRAGE_TOTAL;Fermeture de la rue depuis le 36 au 34 avec mise en impasse depuis le rue Alsace-Lorraine jusqu'au 34 rue de la Prévoyance.;1;2;;"{""coordinates"": [[[2.3936764634006296, 48.88320577578695], [2.3936267322875104, 48.88328071025557], [2.3947162625473215, 48.88377224942718], [2.3947540899118747, 48.88367040231558], [2.3936764634006296, 48.88320577578695]]], ""type"": ""Polygon""}";48.88349043739737, 2.3942114769874134
CP002806;;75008;9;3;O.G.I.C;REHABILITATION_IMMEUBLE;Création d'un passage sous tunnel pour les piétons, cyclistes et bouche de ventilation RATP;59- 61 boulevard Haussmann;emprise et tunnel sur trottoir et chaussée.;2025-03-24;2026-09-14;RESTREINTE;;2;2;;"{""coordinates"": [[[2.325739779704052, 48.87393472624368], [2.3262006351844873, 48.87386884642891], [2.326208811463281, 48.87386620792348], [2.3262108121262854, 48.87386890371367], [2.326169565382859, 48.87375320531565], [2.3256782148561688, 48.87381622780024], [2.325739779704052, 48.87393472624368]]], ""type"": ""Polygon""}";48.87384285325348, 2.3259469835618387
CP002824;;75019;10;1;Fondation Rothschild;REHABILITATION_IMMEUBLE;;Avenue Mathurin Moreau;;2025-01-20;2026-02-02;SENS_UNIQUE;Mise en sens unique de l'avenue de la rue Manin vers la rue Simon Bolivard;1;2;;"{""coordinates"": [[[2.377447332745212, 48.87881193760421], [2.3779719390760112, 48.8788603127779], [2.3780046982568965, 48.878844372375895], [2.3780171362929, 48.878825640086994], [2.3774601547634324, 48.878760984345085], [2.377447332745212, 48.87881193760421]]], ""type"": ""Polygon""}";48.87881337819478, 2.3777140220428974
CP002833;;75017;10;3;RAZEL;TRAVAUX_OUVRAGE;;Boulevard Berthier;Depuis la porte d'Asnières a l'avenue de Clichy;2025-03-31;2025-10-31;RESTREINTE;Fermeture de la piste cyclable et piétons .Renvoi des vélos en circulation générale et les piétons sur le trottoir opposé coté pair.;1;2;;"{""coordinates"": [[[[2.3050361269469595, 48.890338924698106], [2.304832262760248, 48.890236583987125], [2.304766253674492, 48.890300645720146], [2.306356314907314, 48.89107247288665], [2.307206049279605, 48.89148017652753], [2.3090185368917764, 48.892374089001216], [2.3104593043713493, 48.89305101573879], [2.312294995100871, 48.89373824747683], [2.3135147080688294, 48.89419904853011], [2.3136052503040734, 48.89412706671102], [2.311299301405611, 48.89327603777879], [2.310525382432195, 48.89298157977431], [2.3050361269469595, 48.890338924698106]], [[2.304868623054299, 48.89025827642901], [2.3050361269469595, 48.890338924698106], [2.3056331809555504, 48.89063864505026], [2.304868623054299, 48.89025827642901]]]], ""type"": ""MultiPolygon""}";48.89233170224288, 2.309185130791831
CP002835;;75019;9;1;STV;RACCORDEMENT_RESEAU;Raccordement de B.E et création D'un avaloir.;Angle rue des Vignoles et rue des Orteaux.;;2025-04-22;2025-04-25;IMPASSE;;1;2;;"{""coordinates"": [[[2.4028698330531006, 48.85646381061717], [2.403135070454899, 48.85640068670944], [2.4030171864555676, 48.85638935775525], [2.402782957468002, 48.85623244278498], [2.402737981009216, 48.85625101465442], [2.4028187500510603, 48.85630512406486], [2.4028698330531006, 48.85646381061717]]], ""type"": ""Polygon""}";48.856366619732135, 2.4029074179763614
CP002371;657955;75012;14;2;RATP;TRAVAUX_OUVRAGE;Travaux relatifs à la modernisation de la ligne 6- - Création d'ouvrage en sous-oeuvre;Place de la Nation;Entre avenue du Bel Air et avenue du Trône;2022-07-18;2025-11-28;RESTREINTE;;2;4;;"{""coordinates"": [[[2.39718197466874, 48.84798095976355], [2.3973323649379124, 48.847915090566765], [2.397254174864216, 48.84782600596514], [2.3971559410265293, 48.84773811448033], [2.396988410662728, 48.84759651586232], [2.3968185718801727, 48.84751245144689], [2.3967071568521323, 48.847574043170916], [2.396595364865238, 48.84773171990901], [2.3968357600903647, 48.84783287283599], [2.396939349356215, 48.84776081894162], [2.3969857497871954, 48.84780150487328], [2.397081826383517, 48.84775558779629], [2.3972067576333225, 48.84786448696595], [2.3971068290793753, 48.847931800149304], [2.39718197466874, 48.84798095976355]]], ""type"": ""Polygon""}";48.847721304519226, 2.396928147068433
CP002512;811445;75015;13;3;TS DIAMOND SCI;REHABILITATION_IMMEUBLE;Réhabilitation de la Tour Cristal;Quai André Citroën;Au niveau du 5 - 11 Quai André Citroën et du 1 - 5 rue de l'ingénieur Keller;2023-06-12;2025-12-31;RESTREINTE;Traversée piétonne obligatoire et provisoire au 1 rue de l'ingénieur Keller et dévié au 13 quai André Citroën car fermé au n°11.;2;2;;"{""coordinates"": [[[2.281629017580763, 48.848167721158354], [2.2809547819492324, 48.848428993424186], [2.280955960900329, 48.84847421247658], [2.2813863093462023, 48.848773055081715], [2.281435374632081, 48.84874479495245], [2.281112215455314, 48.848516793846976], [2.2811186070266922, 48.84844544517538], [2.281649960204181, 48.84821781831717], [2.281629017580763, 48.848167721158354]]], ""type"": ""Polygon""}";48.84843637487578, 2.2812529587641186
CP002628;;75012;14;1;S.A.G.P;REAMENAGEMENT_VOIRIE;Travaux en multi phases.;Place Félix Eboué-rue de Reuilly-avenue Daumesnil-avenue de Reuilly;;2024-06-17;2025-12-31;RESTREINTE;Réduction de voies par G.B.A;2;2;;"{""coordinates"": [[[2.394854653387244, 48.84046175723968], [2.3953727594077536, 48.83998638857205], [2.3953524199738676, 48.83998628576524], [2.395576777883709, 48.839933713380866], [2.3952857083163637, 48.83942471495307], [2.394680094894476, 48.839378686705246], [2.3945179414458546, 48.83932952987493], [2.3944557384692025, 48.83943125743396], [2.3940453203825336, 48.83939158401407], [2.3940239821880906, 48.83947740718985], [2.3945929546060185, 48.839525938808826], [2.3946427812020246, 48.83978935299867], [2.394238934686227, 48.839883980917115], [2.394310909168085, 48.83999175783241], [2.3947064953427075, 48.83990782984459], [2.394964284828566, 48.840129330768555], [2.394684921340531, 48.840364227136256], [2.394854653387244, 48.84046175723968]]], ""type"": ""Polygon""}";48.839782408337534, 2.3949302927175573
CP002638;;75005;12;3;A7A8;CONSTRUCTION_IMMEUBLE;;Boulevard de l'Hopital;au n°11;2024-01-08;2026-10-09;RESTREINTE;Neutralisation du trottoir, déviation piétonne obligatoire sur le trottoir d'en face;2;2;;"{""coordinates"": [[[2.3642443559308997, 48.84281055164292], [2.364227885928587, 48.842826576169294], [2.3646293126078626, 48.84260314100179], [2.3640153414574194, 48.8415740817198], [2.363409665230726, 48.84186624664346], [2.363985830436452, 48.842658798852604], [2.3641085295069426, 48.84260574486684], [2.3642443559308997, 48.84281055164292]]], ""type"": ""Polygon""}";48.84219098441977, 2.3640339656032325
CP002729;;75020;10;1;S.A.G.P;REAMENAGEMENT_SECTEUR;Végétalisation de la rue Maryse Hilsz.;rue Maryse Hilsz;;2025-01-02;2025-06-13;BARRAGE_TOTAL;Sauf desserte école et bus ratp.;1;2;;"{""coordinates"": [[[2.4125415335935045, 48.85119133250007], [2.4128015727561016, 48.851224832682455], [2.412801270179294, 48.85125168399301], [2.4132889375556745, 48.849138060102014], [2.4128254755006764, 48.84910356270724], [2.412962720236574, 48.84920090660373], [2.4125415335935045, 48.85119133250007]]], ""type"": ""Polygon""}";48.850133115751426, 2.4129101717557444
CP002814;;75019;10;1;SAGP;REAMENAGEMENT_VOIRIE;travaux d'aménagement;Rue Archereau;Phase 1 entre la rue Riquet et la rue Mathis;2025-03-03;2025-06-02;RESTREINTE;reste une file de circulation;1;2;;"{""coordinates"": [[[2.3717062079816964, 48.88966385745085], [2.373424860621231, 48.8909966727107], [2.373433166447448, 48.89098329020528], [2.3734123857116227, 48.891018089519044], [2.3733671425286254, 48.89105544529075], [2.3733950968242152, 48.89110124021509], [2.373488976832007, 48.891082935624986], [2.3735171897092475, 48.891107249789286], [2.3737255996217783, 48.89104657999118], [2.3736974835785216, 48.891014210262604], [2.3718009282544528, 48.88957574237741], [2.3717722958695484, 48.889586332768495], [2.3717062079816964, 48.88966385745085]]], ""type"": ""Polygon""}";48.89038374830685, 2.37274532314353
CP002847;;75014;12;2;RATP;TRAVAUX_OUVRAGE;Réfection du passage en bâche;3 Rue du Départ;Angle du Boulevard Montparnasse Bienvenue;2025-06-02;2025-09-26;;Suppression d'une voie de circulation et de la voie de bus;2;1;;"{""coordinates"": [[[[2.3245235440059315, 48.843526945226074], [2.324562007425071, 48.84344808128691], [2.324553065478766, 48.84344655224468], [2.324351224223296, 48.84332457203797], [2.3243333841583453, 48.84344531169264], [2.3245235440059315, 48.843526945226074]]], [[[2.324562007425071, 48.84344808128691], [2.324569302914262, 48.8434493294245], [2.3245653389184544, 48.84344125053713], [2.324562007425071, 48.84344808128691]]]], ""type"": ""MultiPolygon""}";48.84343318000926, 2.324437566013257
CP002728;;75010;11;1;SAGP;REAMENAGEMENT_VOIRIE;Aménagement des abords de Gare du Nord;rue de Valenciennes;du 7 au 15;2025-04-14;2025-05-06;RESTREINTE;;2;2;;"{""coordinates"": [[[2.3554287196430463, 48.878169253140285], [2.3550251208702284, 48.878214071340714], [2.3545766917721127, 48.87826267370818], [2.3544975251001286, 48.87824479260284], [2.3544319251308905, 48.87828203279961], [2.354504852020841, 48.878310621040605], [2.3554444046285794, 48.878217672260206], [2.3554287196430463, 48.878169253140285]]], ""type"": ""Polygon""}";48.87824291245638, 2.354950539060817
CP002859;;75013;13;2;FRAICHEUR DE PARIS;RACCORDEMENT_RESEAU;Tavaux de raccordement réseau;91-105 Boulevard de L'hôpital, 75013 Paris;;2025-06-16;2025-08-22;;Réduction des nombre des voies;1;1;;"{""coordinates"": [[[2.361393960391114, 48.839560588278616], [2.3614348032746033, 48.83954737970839], [2.3605983217207935, 48.83842580976097], [2.3605636144841893, 48.83843636535036], [2.360565632024599, 48.838437718887455], [2.360565615552904, 48.83843906155142], [2.361393960391114, 48.839560588278616]]], ""type"": ""Polygon""}";48.83900884830609, 2.3610097829974785
CP000139;;75013;14;3;SEMAPA;REAMENAGEMENT_SECTEUR;;Secteur quai d'Ivry;;2012-01-01;2025-07-18;RESTREINTE;Réduction de la circulation selon les phases;2;4;http://xdir-CGPub-prd.ressources.paris.mdp/PdfEtImages/ChantiersPerturbants/Pdf/Plaquette d'info riv opé SEG11 BEC Bruneseau - 13ème.pdf;"{""coordinates"": [[[2.386040410939928, 48.82726045950963], [2.389009733862189, 48.82510049591564], [2.381913601308459, 48.82268480304111], [2.3797250134650096, 48.824789551026136], [2.382560534273686, 48.82574947645586], [2.386040410939928, 48.82726045950963]]], ""type"": ""Polygon""}";48.824945580960076, 2.384284439827768
CP002794;;75013;14;1;Mission vélo;REAMENAGEMENT_VOIRIE;mise en sens unique de la rue Vergniaud avec végétalisation et élargissement de trottoir.;Rue Vergniaud.;Depuis le Bld Auguste Blanqui jusqu'à la rue Brillat-Savarin en deux phases.;2025-02-17;2025-05-16;SENS_UNIQUE;Mise en sens unique de la rue Vergniaud depuis le rue de la Colonie jusqu'à la rue Brillat-savarin et depuis la rue Tolbiac jusqu'au Bld Auguste Blanqui. Après travaux en définitif.;1;2;;"{""coordinates"": [[[2.345813189056507, 48.83026100492462], [2.345976346357521, 48.83022430167053], [2.3457371000054876, 48.82789746384644], [2.345289343701507, 48.82598302611419], [2.3442298101386583, 48.82291588710814], [2.3440501383525225, 48.82297398007963], [2.3451114164534395, 48.82590149112855], [2.345541750688054, 48.827907136213405], [2.345813256452754, 48.83025563423771], [2.345813189056507, 48.83026100492462]]], ""type"": ""Polygon""}";48.82659536047394, 2.34522171199309
CP002818;;75019;10;1;SAGP;REAMENAGEMENT_VOIRIE;aménagement de voirie phase 2;rue Archereau;carrefour Archereau / Mathis;2025-02-27;2025-06-23;IMPASSE;Fermeture du carrefour Mathis Archereau, Rue Mathis en impasse à partir de Curial vers archereau et rue Archereau de crimé vers Mathis;1;2;;"{""coordinates"": [[[2.3739021692503446, 48.89129791297049], [2.3740330834967693, 48.891247578918225], [2.373885863884974, 48.89113000273158], [2.3738017751206457, 48.891011413816926], [2.373763252651091, 48.890997786394344], [2.3737148096055356, 48.89096262498814], [2.3735553921715833, 48.89101280959242], [2.373502264634053, 48.89102864298273], [2.3734815337558826, 48.89105941450841], [2.373456956882619, 48.891071369195735], [2.3734628873922845, 48.891086168877266], [2.373551629141825, 48.89115644925815], [2.373625083863574, 48.89114340755104], [2.373690266430816, 48.89114106312422], [2.3737287889871688, 48.89115469056853], [2.373744914742154, 48.89116820086929], [2.3739021692503446, 48.89129791297049]]], ""type"": ""Polygon""}";48.891115744343594, 2.373739468617466
CP000753;;75013;14;2;SNCF;TRAVAUX_OUVRAGE;Couverture des voies SNCF;Av de France;côté voies SNCF entre rue Julie Daubié et rue Nicole Rein-Lepaute.;2018-07-23;2025-07-18;RESTREINTE;Les deux sens de circulations sont reportés côté pair de l'avenue.;2;4;;"{""coordinates"": [[[2.379871709032515, 48.82714237090668], [2.3811746477660307, 48.82571180087148], [2.3804182115733226, 48.82548285012793], [2.3786689133943018, 48.82665533943943], [2.379871709032515, 48.82714237090668]]], ""type"": ""Polygon""}";48.82630766425324, 2.3799694728731717
CP002429;662837;75015;13;3;SCCV Porte de Brancion;CONSTRUCTION_IMMEUBLE;Construction neuve, résidence sociale et commerces;Avenue de la Porte de Brancion;Carrefour au-dessus du périphérique;2022-11-14;2025-06-27;RESTREINTE;restriction à 2 files de circulation, maintien de la piste vélos et cheminement piétons.;2;4;;"{""coordinates"": [[[2.299950868215911, 48.82590374090183], [2.30015215168723, 48.82580973482902], [2.300165534628195, 48.8256182539662], [2.300055510377768, 48.82562593831275], [2.2997950850984825, 48.82569580213723], [2.299950868215911, 48.82590374090183]]], ""type"": ""Polygon""}";48.82574599992238, 2.300005595088704
CP002697;;75010;11;3;Eiffage;REHABILITATION_IMMEUBLE;Base de vie.;79 boulevard de Strasbourg.;en chaussée centrale du boulevard de Strasbourg.;2024-11-12;2025-11-14;RESTREINTE;Réduction de la voirie des BUS et Taxis  sens gare de l'EST boulevard Magenta au droit du  boulevard de Strasbourg.;2;2;;"{""coordinates"": [[[2.357626786382648, 48.8753909265887], [2.3576736405120413, 48.87538782078958], [2.357675684239932, 48.87538716085166], [2.3575753672907913, 48.87518657074664], [2.357538632610941, 48.87519442984643], [2.3575126685307484, 48.875236583548], [2.3575608789960816, 48.87537110498413], [2.357626786382648, 48.8753909265887]]], ""type"": ""Polygon""}";48.8752975487471, 2.357585321445377
CP002700;;75007;12;3;Musée d'Orsay;REHABILITATION_IMMEUBLE;Deux chantiers de réhabilitation de bâtiments publics pour le musée d'Orsay et le conseil d'état.;Quai Voltaire;aux n°29-31;2024-10-01;2026-08-01;RESTREINTE;Réduction du quai Voltaire à une voie de circulation dans le sens Est/Ouest;1;2;;"{""coordinates"": [[[2.3296417394036775, 48.85934551403987], [2.3296896728372563, 48.8594156009651], [2.3301842120362175, 48.859251881289445], [2.3300244401126555, 48.85901736512524], [2.329987574561423, 48.8590359560642], [2.330091444456793, 48.85918691450391], [2.3296376697601486, 48.859345491242436], [2.3296417394036775, 48.85934551403987]]], ""type"": ""Polygon""}";48.85926763703709, 2.329935695831666
CP002823;;75019;10;1;SAGP;REAMENAGEMENT_VOIRIE;;Place Rhin et Danube;;2025-01-13;2025-09-01;RESTREINTE;"Travaux par phase. 
Circualtion restreinte sur rue David D'Angers et rue du Général Brunet";2;2;;"{""coordinates"": [[[2.3929671324764668, 48.88223500825896], [2.3930239736931456, 48.88224872249314], [2.3931906110451946, 48.88227373479838], [2.3934721510050743, 48.88222145634142], [2.3934961656662073, 48.8819074063048], [2.393370991577065, 48.881818159643906], [2.392903368290361, 48.881767454979915], [2.3927237669637385, 48.881806823170734], [2.392567559057823, 48.88193492136706], [2.3925699392792303, 48.88207993550759], [2.392690884608916, 48.88218258758604], [2.3929671324764668, 48.88223500825896]]], ""type"": ""Polygon""}";48.88201739861115, 2.3930498430798743
CP002851;;75017;9;3;SNCF;TRAVAUX_OUVRAGE;Travaux sur Viaduc des Souverains;Bd Berthier;Bd Berthier entre Porte d'Asnier vers la porte de Clichy. fermeture d'un sens de circulation;2025-07-28;2025-08-13;BARRAGE_TOTAL;suivre déviations;1;1;;"{""coordinates"": [[[2.3041351873139173, 48.890046094375535], [2.304122989162591, 48.89004468078932], [2.306682181880515, 48.89127727803201], [2.309891132479896, 48.89280894030571], [2.3103241342992775, 48.89301551166929], [2.3120501067406822, 48.893684662058256], [2.312201748463406, 48.89361168956025], [2.311734122433753, 48.89340492617118], [2.3116249213506928, 48.89334790900361], [2.3104539138187623, 48.892902137328186], [2.304328722110522, 48.89003782003918], [2.3041351873139173, 48.890046094375535]]], ""type"": ""Polygon""}";48.89202543674452, 2.3084514422148934
CP002664;;75005;12;2;ESPCI;REHABILITATION_IMMEUBLE;;rue Rataud, rue Pierre Brossolette.;;2024-09-05;2026-12-31;IMPASSE;mise en impasse des deux rues durant toute la durée des travaux.;2;2;;"{""coordinates"": [[[2.3472545526588617, 48.84261609261237], [2.3472753301867515, 48.8425812972096], [2.346433948323191, 48.8421953851312], [2.347801285985655, 48.84184032679391], [2.3477773158274644, 48.84180528731196], [2.346271629563287, 48.84216227402575], [2.346283765764437, 48.8421677113442], [2.3472545526588617, 48.84261609261237]]], ""type"": ""Polygon""}";48.84213805283548, 2.34694153763722
CP002734;;75018;9;1;Mission Vélo;REAMENAGEMENT_VOIRIE;Création d'une piste cyclable.;rue Damrémont.;Depuis la rue joseph de Maistre jusqu'à la rue Lamarck.;2025-01-13;2025-06-11;RESTREINTE;chaussée rétrécie avec fermeture de voie ponctuelle. rue Tourlaque, Steinlein, Félix Ziem.;1;2;;"{""coordinates"": [[[2.3342033462461593, 48.89053928247324], [2.334301620054392, 48.890496865390595], [2.3327877659151124, 48.8878783991671], [2.3326534386366733, 48.88692170724504], [2.332537232344161, 48.887092914845084], [2.3326407750285876, 48.887909802003236], [2.3341873339462973, 48.890517712158186], [2.3342033462461593, 48.89053928247324]]], ""type"": ""Polygon""}";48.888721740931054, 2.3332492276671832
CP002803;;75010;11;1;STV CENTRE;REAMENAGEMENT_VOIRIE;Elargissement du trottoir.;Rue Paradis;Angle Paradis Hauteville jusqu'à la Rue Faubourg Poissonnières;2025-04-01;2025-06-30;IMPASSE;circulation restreinte juste accès parking autorisé.;1;2;;"{""coordinates"": [[[2.35067852980511, 48.87539998245188], [2.350662279654588, 48.87539720888842], [2.350654540914875, 48.87536494369954], [2.348402431334144, 48.87576086523615], [2.348434525820981, 48.87579863307086], [2.348446772213064, 48.87579601520915], [2.35067852980511, 48.87539998245188]]], ""type"": ""Polygon""}";48.87558453457416, 2.3495223532053413
CP002807;;75008;9;3;O.G.I.C;REHABILITATION_IMMEUBLE;Création d'une base vie.;Oreille rue de Provence, rue de rome, Bld Haussamnn;;2025-03-24;2026-09-14;;"base vie stationnée entre les balisées pour maintenir une giration bus et pompier.
R + 5 la base vie.";2;2;;"{""coordinates"": [[[2.326057145562662, 48.874104342812146], [2.3260419568159576, 48.87401967082219], [2.326107710656712, 48.87397170690998], [2.325926484779523, 48.87397739919874], [2.325876475252415, 48.874067074010576], [2.325979265972518, 48.874145525746336], [2.326057145562662, 48.874104342812146]]], ""type"": ""Polygon""}";48.87404821223789, 2.3259813854514197
CP002844;;75012;14;2;CPCU-FraicheurdeParis-;RACCORDEMENT_RESEAU;rue Van gogh fermé à la circulation entre rue de bercy et le quai de la Rapée, suivre déviation;rue van Gogh;déviations par Diderot et Villot;2025-06-16;2025-08-18;BARRAGE_TOTAL;déviations vélo et circulation par Diderot et Villot.;1;1;;"{""coordinates"": [[[2.372107267779699, 48.844486252602934], [2.3722080727010515, 48.84439279500569], [2.3721652753773537, 48.84439928322906], [2.372132809651873, 48.8443924000268], [2.3711069598810663, 48.843766700903885], [2.371045467423397, 48.84380531540824], [2.3720935470183835, 48.844443214605], [2.3721076074594842, 48.84445805857741], [2.3721135484577496, 48.84447151629123], [2.372107267779699, 48.844486252602934]]], ""type"": ""Polygon""}";48.84411765294246, 2.371620911674914
CP002699;;75010;11;3;Eiffage;REHABILITATION_IMMEUBLE;Réduction de la voirie par GBA et K8 pour la gestion des flux VL PL de la base vie au 79 et report d;81 - 83 Boulevard de Strasbourg;en face du terminus pour la gestion des VL PL;2024-11-17;2025-11-14;RESTREINTE;;2;2;;"{""coordinates"": [[[2.357801294574197, 48.8756825415542], [2.357771889654093, 48.87559108509271], [2.3577739664994275, 48.875587739915886], [2.357703615375249, 48.875598103224895], [2.357714329620317, 48.87563709653034], [2.357801294574197, 48.8756825415542]]], ""type"": ""Polygon""}";48.875627858833006, 2.357752906252346
CP002723;;75010;11;1;SAGP;REAMENAGEMENT_VOIRIE;Aménagement des abords de Gare du Nord;rue de Dunkerque;du n°25 au 31;2025-03-10;2025-06-06;RESTREINTE;"Circulation restreinte
Reduction de la largeur de la voie et du trottoir impair. Contresens cyclable maintenu.";2;2;;"{""coordinates"": [[[2.3545565871009146, 48.87980273103191], [2.3536756032230848, 48.880094697390184], [2.3534444064216147, 48.88018877548703], [2.3525703331922796, 48.88041498218547], [2.352594142113285, 48.88046478822619], [2.353559347963645, 48.88027666644886], [2.3546237479613463, 48.87996823564009], [2.3545565871009146, 48.87980273103191]]], ""type"": ""Polygon""}";48.88013085922085, 2.353775419687256
CP002842;;75016;12;1;STV;REAMENAGEMENT_VOIRIE;changement de plan de circulation place du Trocadéro. ouverture au SUD, sens giratoire;;place du Trocadéro;2025-04-24;2025-05-13;RESTREINTE;;1;2;;"{""coordinates"": [[[2.2868037221036968, 48.862503469697685], [2.2866847467967695, 48.862572578270715], [2.286577813993233, 48.86265384221547], [2.286480431751918, 48.862780814141814], [2.2864332751272767, 48.86295507752333], [2.286476092262008, 48.863097654430675], [2.2865921996724214, 48.86323798185085], [2.2868102358774784, 48.86336549107254], [2.2869924167218407, 48.86343639419649], [2.2872059832951814, 48.863444380040896], [2.2874035483433643, 48.86343213013888], [2.287601772857904, 48.863371548163805], [2.287823683263704, 48.863215778189925], [2.2877253888882123, 48.8631118090889], [2.287732044424997, 48.86307156941192], [2.287765740362646, 48.86298852590528], [2.2871123702353198, 48.86255230074395], [2.28695239148518, 48.86249495645264], [2.286850576666449, 48.862499720713366], [2.2868037221036968, 48.862503469697685]]], ""type"": ""Polygon""}";48.86300699822477, 2.287080525779645
CP002704;;75010;11;1;Eau de PARIS;INSPECTION_ENTRETIEN_RESEAU;;148 quai de Jemmapes;;2024-09-20;2025-04-25;IMPASSE;Quai Jemmapes fermé depuis le pont Maria Casarès jusqu'au 150 quai Jemmapes.;2;4;;"{""coordinates"": [[[2.3659513959409657, 48.87757496031595], [2.366045417611009, 48.877543235162435], [2.365932839806638, 48.877427173583136], [2.3656792383725844, 48.877525183896154], [2.3657193264900496, 48.87757641635876], [2.3658500833819294, 48.87753683066461], [2.3658502141645816, 48.87752608972539], [2.3659513959409657, 48.87757496031595]]], ""type"": ""Polygon""}";48.877511959501966, 2.3658727041610015
CP002770;;75015;13;1;SAGP;REAMENAGEMENT_SECTEUR;Création d'un  contre sens cyclable avec végétalisation.;rue de la Croix Nivert;Depuis la place de Cambronne jusqu'à la rue de Javel.;2025-01-07;2025-12-31;SENS_UNIQUE;Fermeture du sens de circulation depuis la place Cambronne vers rue de Javel, l'interdiction sera définitive après les travaux.;1;2;;"{""coordinates"": [[[2.30107716544652, 48.84767996532617], [2.30125718630457, 48.84760582737718], [2.297951429311868, 48.84533078821131], [2.297791736577201, 48.84510428197808], [2.29836476538674, 48.84484985077138], [2.297646436128524, 48.84501749822138], [2.29642070422552, 48.84419395092224], [2.295362817930295, 48.84299542895726], [2.2949924756104707, 48.84270322963651], [2.2915181612710294, 48.84089962825697], [2.2913692335794273, 48.841081350557815], [2.294215911883107, 48.84236566668603], [2.294845297369228, 48.84275606883295], [2.295889506520134, 48.84376116932343], [2.296886384465611, 48.84465856828866], [2.297643830636183, 48.84521082767744], [2.30107716544652, 48.84767996532617]]], ""type"": ""Polygon""}";48.84409559011973, 2.296293191211883
CP002825;;75011;10;1;SAGP;REAMENAGEMENT_VOIRIE;;Avenue Parmentier;entre Place Léon Blum et  rue du Chemin Vert;2025-03-10;2025-05-20;RESTREINTE;Modification des voies de circulation;2;2;;"{""coordinates"": [[[[2.380160938635126, 48.85797363692476], [2.38016633069113, 48.857992182419075], [2.380186166042786, 48.85803524968545], [2.3796397248366437, 48.858812731302], [2.378524594821116, 48.86018181206249], [2.378824200413153, 48.860312260940724], [2.380537193278855, 48.85794734663457], [2.380164897685785, 48.85797171933779], [2.380166554299386, 48.8579733863154], [2.380160938635126, 48.85797363692476]]], [[[2.380160464605071, 48.85797200934845], [2.3800810469403726, 48.857977208086226], [2.380160938635126, 48.85797363692476], [2.380160464605071, 48.85797200934845]]], [[[2.380160464605071, 48.85797200934845], [2.380164897685785, 48.85797171933779], [2.380158511011336, 48.85796528919756], [2.380160464605071, 48.85797200934845]]]], ""type"": ""MultiPolygon""}";48.859174565555904, 2.3794904826425918
CP002832;;75019;10;1;Mission vélo;REAMENAGEMENT_VOIRIE;Mise en sens unique définitive de se tronçon après travaux.;du 31 au 71 rue Manin;Fermeture de la rue de 21h à 5h00. et mise en sens unique définitive depuis l'hôtel de ville jusqu'à l'avenue Mathurin Moreau.;2025-04-28;2025-05-12;BARRAGE_TOTAL;Mise en place de déviation sauf pour les riverains.;1;3;;"{""coordinates"": [[[2.38189913469303, 48.88238487160709], [2.3821786538279235, 48.882160754915304], [2.3812878386865353, 48.8817479991752], [2.3807874828136697, 48.88136947964955], [2.3801267184522565, 48.8807860499286], [2.379628684552142, 48.88021420023068], [2.378730350313763, 48.879071000789224], [2.3784207000498627, 48.87909087575838], [2.3786305965417234, 48.87924233881835], [2.378868962344593, 48.879737659650345], [2.379238631526712, 48.88014773242574], [2.3796238227902053, 48.88062233113777], [2.3807362023374594, 48.88157329179351], [2.381252844159382, 48.88195189562458], [2.38189913469303, 48.88238487160709]]], ""type"": ""Polygon""}";48.88079187528086, 2.3801539028975123
CP002816;;75019;10;1;SAGP;REAMENAGEMENT_VOIRIE;Aménagement de voirie Rue Archereau phase 2.1;Rue Archereau;entre Rue Riquet et rue Mathis;2025-06-02;2025-06-20;BARRAGE_TOTAL;;1;1;;"{""coordinates"": [[[2.371628168348606, 48.88924792492417], [2.371374878006103, 48.88931641077143], [2.3713624026557807, 48.88933782739901], [2.3714061547216096, 48.88942398377517], [2.37151641631613, 48.88939771057915], [2.3717747746696904, 48.88958434568033], [2.3717333767861386, 48.8896405186957], [2.3735002124100424, 48.89102997493206], [2.3737209339545258, 48.89096131433282], [2.373745688337535, 48.89093459186625], [2.3722089014927943, 48.88971551343426], [2.3721843411499046, 48.88972612527163], [2.3719343513827407, 48.88952073824459], [2.371832135245128, 48.88955510926165], [2.3715819856616207, 48.88936314660556], [2.371553905632511, 48.88932809112366], [2.371570840404967, 48.889274476045635], [2.3716036081079155, 48.88925853664694], [2.371628168348606, 48.88924792492417]]], ""type"": ""Polygon""}";48.89021633089549, 2.3726474953611514
CP002860;;75006;11;2;ENEDIS;CREATION_RESEAUX;pose de fourreaux avec raccordement.;boulevard du Montparnasse;du 33 au 47;2025-08-04;2025-09-12;RESTREINTE;3 nuits il y aura la fermeture du BD du Montparnasse du 11 au 14/08 sens avenue du Maine-rue d'Alençon.;2;1;;"{""coordinates"": [[[2.3208495840298977, 48.84504322860375], [2.3216178292635576, 48.844785766483376], [2.3216208799596365, 48.84478578378237], [2.321618004022677, 48.844772340874485], [2.3213902190005977, 48.84484623849709], [2.3208498377299374, 48.84502376062255], [2.320689907778157, 48.84480802611441], [2.320794233991811, 48.84476363858387], [2.3207831950159292, 48.84475216388405], [2.3206514333576034, 48.84479438103891], [2.3208495840298977, 48.84504322860375]]], ""type"": ""Polygon""}";48.844894958541786, 2.321037990011396
CP002756;;75013;14;1;Mission vélo;REAMENAGEMENT_SECTEUR;;Place Nationale.;;2025-01-13;2026-03-06;RESTREINTE;Dépose des bordures pour une Giration optimal et renvoie des vélos dans la circulation générale rue du Château des Rentiers jusqu'à la rue Clisson.;2;4;;"{""coordinates"": [[[2.3653195531326756, 48.829182891520944], [2.3654069385954037, 48.82902088995605], [2.3651556153347357, 48.82895107972939], [2.365053896917337, 48.82912106070628], [2.3653195531326756, 48.829182891520944]]], ""type"": ""Polygon""}";48.829069102306285, 2.365232422484482
CP002769;;75010;11;1;STV;REAMENAGEMENT_SECTEUR;;rue du Buisson Saint Louis.;place du Buisson Saint Louis.;2025-01-06;2025-05-07;BARRAGE_TOTAL;Barrage du tronçon de la rue du Buisson Saint Louis depuis le passage Buisson  Saint Louis à la rue de Saint-Maur.;1;2;;"{""coordinates"": [[[2.372829982831537, 48.87206932759333], [2.3729205015760706, 48.87198924464825], [2.372216846258896, 48.871604249077514], [2.3719781754106872, 48.871817818127376], [2.3720187495576504, 48.871828771782184], [2.372829982831537, 48.87206932759333]]], ""type"": ""Polygon""}";48.871845951977335, 2.3724280563195097
CP002792;;75010;11;1;Délégation au Territoire;REAMENAGEMENT_SECTEUR;Fermeture du 43 au 41 rue de l'Aqueduc.;rue de l'Aqueduc.;Fermeture définitive depuis le 43 au 41 rue de l'Aqueduc avec pose de barrières devant l'entrée de l'école a partir du 03/03/2025;2025-02-24;2026-03-30;BARRAGE_TOTAL;Fermeture de l'entrée de l'école aux voitures.;1;4;;"{""coordinates"": [[[2.3645008760264465, 48.88271094337719], [2.3645688705071453, 48.88264417297474], [2.3642956189454725, 48.882515174174415], [2.364227722630425, 48.88257388876332], [2.3642399684690467, 48.88257126839559], [2.3645008760264465, 48.88271094337719]]], ""type"": ""Polygon""}";48.88261177365678, 2.3644037804904943
CP002644;;75014;12;3;RATP;CREATION_ENTRETIEN_OUVRAGE_ART;Création d'une sortie de métro piétonne.;Rue Niepce;;2024-03-01;2026-07-31;BARRAGE_TOTAL;;1;2;;"{""coordinates"": [[[2.3178901491779564, 48.835308001945826], [2.3189344561423457, 48.83446000732315], [2.318745808937063, 48.83457708891329], [2.3189674159672196, 48.83442797048929], [2.3188705700426113, 48.834368341057065], [2.3177773129762183, 48.835226797195716], [2.3178901491779564, 48.835308001945826]]], ""type"": ""Polygon""}";48.83484937402215, 2.3183568054757377
CP002680;;75015;12;3;R.A.T.P;TRAVAUX_OUVRAGE;Travaux de réfaction et d'agrandissement du réseaux de ventilation RATP.;42 boulevard du Montparnasse.;du 42 au 48 angle rue d'Alençon.;2024-10-07;2026-02-16;RESTREINTE;Fermeture du couloir de BUS RATP et renvoie des BUS dans la circulation générale. Réduction de la largeur du trottoir du 42 au 44.;2;2;;"{""coordinates"": [[[2.320606522927883, 48.84489093261104], [2.321090737865782, 48.84473054679169], [2.3210658001525717, 48.844692810964936], [2.3208093891972212, 48.844777957056245], [2.320811379697762, 48.844781325681645], [2.320788416547717, 48.84474829928414], [2.3205524409300247, 48.84482617706741], [2.320606522927883, 48.84489093261104]]], ""type"": ""Polygon""}";48.8447949508643, 2.3207923341848087
CP002795;;75017;9;1;STV;REAMENAGEMENT_SECTEUR;Voie vélo avec végétalisation du tronçon entre avenue de la Grande Armée et la rue Carnot;Rue des Acacias;;2025-02-17;2025-08-30;BARRAGE_TOTAL;Fermeture de la rue.;1;4;;"{""coordinates"": [[[2.2920869725732276, 48.87709311097464], [2.292112528637049, 48.87701001825019], [2.2892856468406206, 48.87592990104275], [2.2892420053323677, 48.875846398867594], [2.289061906420084, 48.87591783163206], [2.2892879224091667, 48.876061493620476], [2.2893701429283015, 48.87600290579257], [2.2920869725732276, 48.87709311097464]]], ""type"": ""Polygon""}";48.876494919407065, 2.2906693279631147
CP002829;;75002;11;2;RATP;TRAVAUX_OUVRAGE;Travaux d'étanchéité sur ouvrage;Rue Réaumur;;2025-03-31;2025-07-11;RESTREINTE;"Fermeture de la Notre- Dame des  Victoires
de la rue Réaumur jusqu'au 33 Place de la Bourse";1;2;;"{""coordinates"": [[[2.3422089971115283, 48.86857598928656], [2.3428093034053274, 48.8684208560689], [2.3428134076409046, 48.868418193167635], [2.342777725708607, 48.86834280951194], [2.342157339668386, 48.868476350522926], [2.3422089971115283, 48.86857598928656]]], ""type"": ""Polygon""}";48.86845689175484, 2.342475803287205
CP002839;;;11;2;Fraicheur de Paris;CREATION_RESEAUX;;Pont au Change;;2025-05-13;2025-05-27;RESTREINTE;Fermeture de la bidirectionnelle vélo sur le pont. Les cyclistes sont renvoyés en circulation générale.;1;2;;"{""coordinates"": [[[2.346487678319518, 48.856249211577754], [2.3469970560564706, 48.85716767978102], [2.3471032931500666, 48.85713335115393], [2.3465570562315863, 48.85623347856508], [2.346487678319518, 48.856249211577754]]], ""type"": ""Polygon""}";48.85673122620152, 2.3468066964468304
CP002744;;75019;10;1;SAGP;REAMENAGEMENT_VOIRIE;Végétalisation du bd Sérurier;Boulevard Sérurier;entre av. de la Porte Brunet et rue de Mouzaia;2025-04-21;2025-09-12;SENS_UNIQUE;"Mise en sens unique du bd Sérurier vers l'av. de la Porte Brunet.
Déviation : rue du Général Brunet - rue Mouzaia";1;2;;"{""coordinates"": [[[2.3949066084064365, 48.88307797541902], [2.3951495127130062, 48.88319735352016], [2.395494493392858, 48.88294131402339], [2.3961324760582543, 48.882697492339446], [2.3962983145456147, 48.88244054765652], [2.3962375332273886, 48.88206430926299], [2.396733044195562, 48.88146531582253], [2.3972920668018656, 48.88100627207098], [2.398652607448278, 48.88023976672042], [2.3982785669688544, 48.88019492374797], [2.397295422866669, 48.88071628376972], [2.396654981312641, 48.88117491735246], [2.3963409680321144, 48.88157074886], [2.3960101686982433, 48.88200945737145], [2.3959882786164477, 48.882492688082], [2.3955128974941426, 48.882758811413275], [2.395169415021967, 48.88288596718757], [2.3949066084064365, 48.88307797541902]]], ""type"": ""Polygon""}";48.881601564159965, 2.3966907751525093
CP002782;;75010;11;1;S.T.V;REAMENAGEMENT_SECTEUR;Embellir votre quartier et fermeture des deux voies de chaque coté de l'église Saint Vincent de Paul;Rue Fénélon Rue Bossuet.;;2025-02-10;2025-06-20;BARRAGE_TOTAL;"Du 10/02/ au 07/04/  coté impair fermé,
du 07/04/ au 20/06/ coté pair fermé et sur le tronçon rue de Belzunce en demi chaussée durant toute la période des travaux.";2;2;;"{""coordinates"": [[[2.352152402234131, 48.87953656405322], [2.3524563598371353, 48.87932070314852], [2.3524726099439377, 48.8793234764512], [2.3522980317255517, 48.87862973900353], [2.3521878500377515, 48.878650624302665], [2.3523513150941957, 48.879255689635656], [2.3520516638827638, 48.879452775744596], [2.3516228142944264, 48.8792356347836], [2.3514755393642823, 48.87863871233358], [2.351357216367079, 48.878659552766216], [2.351583667528027, 48.87943681573605], [2.352026001811171, 48.879551991513786], [2.352152402234131, 48.87953656405322]]], ""type"": ""Polygon""}";48.87916869834462, 2.3519376756376023
CP002854;;75015;13;1;DVD;SONDAGES_INJECTIONS;Injonction enfin de consolidé un carrière;4 Rue Gaston Boissier;Entre Boulevard Lefebvre jusqu'à l'Avenue  Albert Bartholomé;2025-06-02;2025-09-19;RESTREINTE;"La circulation fermée sur la rue Gaston Boissier 
dans le sens Boulevard Lefebvre jusqu'à  l'Avenue Albert Bartholomé.";;1;;"{""coordinates"": [[[2.2952227316190132, 48.82960800706199], [2.2953609392805965, 48.82961419252253], [2.2944404450964133, 48.82910659837506], [2.2943870295523814, 48.82914656372019], [2.2952227316190132, 48.82960800706199]]], ""type"": ""Polygon""}";48.82936907401136, 2.2948542165538
